Workbook

Sheet CONFIRMED PO
A1: PURCHASE ORDER | X1: PT. LARA THALIA ABADI
A2: PO NO | B2: : 5693 | L2: EVB | X2: EVERBEST TOWER - CENGKARENG BUSINESS CITY TOWER M
L3: NEW ARRIVAL | X3: Jl. Atang Sanjaya no. 21 Benda - Tangerang Banten, Indonesia
A4: DATE | B4: : 05 Jun 2026 | L4: FALL 2026 | X4: PHONE : 021 - 2252 9090
A5: TO | B5: : EDE | L5: MAKASSAR | X5: E-MAIL ADDRESS : buyer@everbestgroup.com
A8: DESCRIPTION | B8: DEVELOP CODE | C8: STYLE NAME | D8: COLOUR | F8: SETS | Y8: QTY CARTON PER 12 | Z8: QTY CARTON PER 8 | AA8: QTY PAIRS | AB8: UNIT PRICE | AC8: AMOUNT
F9: 12A | G9: 12B | H9: 12C | I9: 12D | J9: 12E | K9: 12F | L9: 12G | M9: 8H | N9: 8I | O9: 8J | P9: 8K | Q9: 8L | R9: 6M | S9: 6N | T9: 6O | U9: 6P | V9: 6Q | W9: 4R | X9: 4S
B10: 开发代码 | C10: 款式名称 | AB10: US$ | AC10: US$
A11: EVB LADIES SHOES - PUMP | B11: 262VB071 | C11: VEYLIN | D11: BLACK | F11: ='PACKING LIST'!K5 -> 0 | G11: ='PACKING LIST'!K8 -> 0 | H11: ='PACKING LIST'!K11 -> 0 | I11: ='PACKING LIST'!K14 -> 0 | J11: ='PACKING LIST'!K17 -> 0 | K11: ='PACKING LIST'!K20 -> 0 | L11: ='PACKING LIST'!K23 -> 0 | M11: ='PACKING LIST'!K26 -> 0 | N11: ='PACKING LIST'!K29 -> 0 | O11: ='PACKING LIST'!K32 -> 0 | P11: ='PACKING LIST'!K35 -> 0 | Q11: ='PACKING LIST'!K48 -> 0 | R11: ='PACKING LIST'!K41 -> 0 | S11: ='PACKING LIST'!K44 -> 0 | T11: ='PACKING LIST'!K47 -> 0 | U11: ='PACKING LIST'!K50 -> 0 | V11: ='PACKING LIST'!K53 -> 0 | W11: ='PACKING LIST'!K56 -> 0 | X11: ='PACKING LIST'!K59 -> 0 | Y11: =SUM(F11:L11)+SUM(R11:V11)/2 -> 0 | Z11: =SUM(M11:Q11)+SUM(W11:X11)/2 -> 0 | AA11: =SUM(F11:L11)*12+SUM(M11:Q11)*8+SUM(R11:V11)*6+SUM(W11:X11)*4 -> 0 | AB11: 16.57 | AC11: =AB11*AA11 -> 0
D12: BEIGE | F12: ='PACKING LIST'!X5 -> 0 | G12: ='PACKING LIST'!X8 -> 0 | H12: ='PACKING LIST'!X11 -> 0 | I12: ='PACKING LIST'!X14 -> 0 | J12: ='PACKING LIST'!X17 -> 0 | K12: ='PACKING LIST'!X20 -> 0 | L12: ='PACKING LIST'!X23 -> 0 | M12: ='PACKING LIST'!X26 -> 0 | N12: ='PACKING LIST'!X29 -> 0 | O12: ='PACKING LIST'!X32 -> 0 | P12: ='PACKING LIST'!X35 -> 0 | Q12: ='PACKING LIST'!X38 -> 0 | R12: ='PACKING LIST'!X41 -> 0 | S12: ='PACKING LIST'!X44 -> 0 | T12: ='PACKING LIST'!X47 -> 0 | U12: ='PACKING LIST'!X50 -> 0 | V12: ='PACKING LIST'!X53 -> 0 | W12: ='PACKING LIST'!X56 -> 0 | X12: ='PACKING LIST'!X59 -> 0 | Y12: =SUM(F12:L12)+SUM(R12:V12)/2 -> 0 | Z12: =SUM(M12:Q12)+SUM(W12:X12)/2 -> 0 | AA12: =SUM(F12:L12)*12+SUM(M12:Q12)*8+SUM(R12:V12)*6+SUM(W12:X12)*4 -> 0 | AB12: 16.57 | AC12: =AB12*AA12 -> 0
A13: Upper : FABRIC+PU | F13: ='PACKING LIST'!K69 -> 0 | G13: ='PACKING LIST'!K72 -> 0 | H13: ='PACKING LIST'!K75 -> 0 | I13: ='PACKING LIST'!K78 -> 0 | J13: ='PACKING LIST'!K81 -> 0 | K13: ='PACKING LIST'!K84 -> 0 | L13: ='PACKING LIST'!K87 -> 0 | M13: ='PACKING LIST'!K90 -> 0 | N13: ='PACKING LIST'!K93 -> 0 | O13: ='PACKING LIST'!K96 -> 0 | P13: ='PACKING LIST'!K99 -> 0 | Q13: ='PACKING LIST'!K102 -> 0 | R13: ='PACKING LIST'!K105 -> 0 | S13: ='PACKING LIST'!K108 -> 0 | T13: ='PACKING LIST'!K111 -> 0 | U13: ='PACKING LIST'!K114 -> 0 | V13: ='PACKING LIST'!K117 -> 0 | W13: ='PACKING LIST'!K120 -> 0 | X13: ='PACKING LIST'!K123 -> 0 | Y13: =SUM(F13:L13)+SUM(S13:V13)/2 -> 0 | Z13: =SUM(M13:Q13)+SUM(W13:X13)/2 -> 0 | AA13: =SUM(F13:L13)*12+SUM(M13:Q13)*8+SUM(R13:V13)*6+SUM(W13:X13)*4 -> 0 | AB13: 0 | AC13: =AB13*AA13 -> 0
A14: Lining : PU | F14: ='PACKING LIST'!X69 -> 0 | G14: ='PACKING LIST'!X72 -> 0 | H14: ='PACKING LIST'!X75 -> 0 | I14: ='PACKING LIST'!X78 -> 0 | J14: ='PACKING LIST'!X81 -> 0 | K14: ='PACKING LIST'!X84 -> 0 | L14: ='PACKING LIST'!X87 -> 0 | M14: ='PACKING LIST'!X90 -> 0 | N14: ='PACKING LIST'!X93 -> 0 | O14: ='PACKING LIST'!X96 -> 0 | P14: ='PACKING LIST'!X99 -> 0 | Q14: ='PACKING LIST'!X102 -> 0 | R14: ='PACKING LIST'!X105 -> 0 | S14: ='PACKING LIST'!X108 -> 0 | T14: ='PACKING LIST'!X111 -> 0 | U14: ='PACKING LIST'!X114 -> 0 | V14: ='PACKING LIST'!X117 -> 0 | W14: ='PACKING LIST'!X120 -> 0 | X14: ='PACKING LIST'!X124 -> 0 | Y14: =SUM(F14:L14)+SUM(S14:V14)/2 -> 0 | Z14: =SUM(M14:Q14)+SUM(W14:X14)/2 -> 0 | AA14: =SUM(F14:L14)*12+SUM(M14:Q14)*8+SUM(R14:V14)*6+SUM(W14:X14)*4 -> 0 | AB14: 0 | AC14: =AB14*AA14 -> 0
A15: Insole : PU
A16: Outsole : RUBBER
A17: Heel Height : 3-5 CM
Y18: =SUM(Y11:Y17) -> 0 | Z18: =SUM(Z11:Z17) -> 0 | AA18: =SUM(AA11:AA17) -> 0 | AC18: =SUM(AC11:AC17) -> 0
A19: Delivery Date | B19: 46209
A20: 交货日期
A21: LOGO : | P21: STYLE NAME | S21: COLOR | U21: SIZES | AB21: TOTAL QTY
A22: 商标 | U22: 35 | V22: =U22+1 -> 36 | W22: =V22+1 -> 37 | X22: =W22+1 -> 38 | Y22: =X22+1 -> 39 | Z22: =Y22+1 -> 40 | AA22: =Z22+1 -> 41
A23: TERM OF PAYMENT: | B23: CREDIT | P23: =C11 -> VEYLIN | S23: =D11 -> BLACK | U23: ='PACKING LIST'!B62 -> 0 | V23: 7 | W23: 13 | X23: 13 | Y23: 7 | Z23: 6 | AA23: ='PACKING LIST'!H62 -> 0 | AB23: =SUM(U23:AA23) -> 46
S24: =D12 -> BEIGE | U24: ='PACKING LIST'!O62 -> 0 | V24: 14 | W24: 20 | X24: 20 | Y24: 14 | Z24: 8 | AA24: ='PACKING LIST'!U62 -> 0 | AB24: =SUM(U24:AA24) -> 76
A25: CARTON MARK ： | S25: =D13 -> 0 | U25: ='PACKING LIST'!B126 -> 0 | V25: ='PACKING LIST'!C126 -> 0 | W25: ='PACKING LIST'!D126 -> 0 | X25: ='PACKING LIST'!E126 -> 0 | Y25: ='PACKING LIST'!F126 -> 0 | Z25: ='PACKING LIST'!G126 -> 0 | AA25: ='PACKING LIST'!H126 -> 0 | AB25: =SUM(U25:AA25) -> 0
A26: ( 箱标志 ) | S26: =D14 -> 0 | U26: ='PACKING LIST'!O126 -> 0 | V26: ='PACKING LIST'!P126 -> 0 | W26: ='PACKING LIST'!Q126 -> 0 | X26: ='PACKING LIST'!R126 -> 0 | Y26: ='PACKING LIST'!S126 -> 0 | Z26: ='PACKING LIST'!T126 -> 0 | AA26: ='PACKING LIST'!U126 -> 0 | AB26: =SUM(U26:AA26) -> 0
U27: =SUM(U23:U25) -> 0 | V27: =SUM(V23:V25) -> 21 | W27: =SUM(W23:W25) -> 33 | X27: =SUM(X23:X25) -> 33 | Y27: =SUM(Y23:Y25) -> 21 | Z27: =SUM(Z23:Z25) -> 14 | AA27: =SUM(AA23:AA25) -> 0 | AB27: =SUM(U27:AA27) -> 122
A30: PICTURE ( 图片 ):
A31: =B11 -> 262VB071
A32: =C11 -> VEYLIN
AD36: Please give us EXTRA TOPLIFT/DIAMOND INSIDE shoesbox, based on the shoes
AD37: 請給我們額外的TOPLIFT/DIAMOND 在鞋盒,根據鞋子
A43: =D11 -> BLACK | E43: =D12 -> BEIGE | N43: =D13 -> 0 | W43: =D14 -> 0
A45: SHOE BOX BARCODE : | F45: PACKAGING 包装: | M45: LINING | S45: SHOE MATERIAL CODE | Y45: QR CODE 二维码:
A46: (请贴这些条码在鞋盒按照图片) | F46: 鞋盒 和 箱子 包法 | M46: (打印在内里上） | S46: 鞋子材料贴标
M54: INSOLE 垫脚

Sheet PACKING LIST
A1: PACKING LIST PO
A3: ='CONFIRMED PO'!C11 -> VEYLIN | N3: =A3 -> VEYLIN
A4: ='CONFIRMED PO'!D11 -> BLACK | B4: 35 | C4: =B4+1 -> 36 | D4: =C4+1 -> 37 | E4: =D4+1 -> 38 | F4: =E4+1 -> 39 | G4: =F4+1 -> 40 | H4: =G4+1 -> 41 | K4: colly | L4: pairs | N4: ='CONFIRMED PO'!D12 -> BEIGE | O4: 35 | P4: =O4+1 -> 36 | Q4: =P4+1 -> 37 | R4: =Q4+1 -> 38 | S4: =R4+1 -> 39 | T4: =S4+1 -> 40 | U4: =T4+1 -> 41 | X4: colly | Y4: pairs
A5: SET A | B5: 1 | C5: 2 | D5: 3 | E5: 3 | F5: 2 | G5: 1 | I5: =SUM(B5:H5) -> 12 | J5: X | L5: =I5*K5 -> 0 | M5: A | N5: SET A | O5: 1 | P5: 2 | Q5: 3 | R5: 3 | S5: 2 | T5: 1 | V5: =SUM(O5:U5) -> 12 | W5: X | Y5: =V5*X5 -> 0 | Z5: A
A6: total A | B6: =B5*$K5 -> 0 | C6: =C5*$K5 -> 0 | D6: =D5*$K5 -> 0 | E6: =E5*$K5 -> 0 | F6: =F5*$K5 -> 0 | G6: =G5*$K5 -> 0 | H6: =H5*$K5 -> 0 | I6: =SUM(B6:H6) -> 0 | N6: total A | O6: =O5*$X5 -> 0 | P6: =P5*$X5 -> 0 | Q6: =Q5*$X5 -> 0 | R6: =R5*$X5 -> 0 | S6: =S5*$X5 -> 0 | T6: =T5*$X5 -> 0 | U6: =U5*$X5 -> 0 | V6: =SUM(O6:U6) -> 0
A8: SET B | C8: 1 | D8: 2 | E8: 3 | F8: 3 | G8: 2 | H8: 1 | I8: =SUM(B8:H8) -> 12 | J8: X | L8: =I8*K8 -> 0 | M8: B | N8: SET B | P8: 1 | Q8: 2 | R8: 3 | S8: 3 | T8: 2 | U8: 1 | V8: =SUM(O8:U8) -> 12 | W8: X | Y8: =V8*X8 -> 0 | Z8: B
A9: total B | B9: =B8*$K8 -> 0 | C9: =C8*$K8 -> 0 | D9: =D8*$K8 -> 0 | E9: =E8*$K8 -> 0 | F9: =F8*$K8 -> 0 | G9: =G8*$K8 -> 0 | H9: =H8*$K8 -> 0 | I9: =SUM(B9:H9) -> 0 | N9: total B | O9: =O8*$X8 -> 0 | P9: =P8*$X8 -> 0 | Q9: =Q8*$X8 -> 0 | R9: =R8*$X8 -> 0 | S9: =S8*$X8 -> 0 | T9: =T8*$X8 -> 0 | U9: =U8*$X8 -> 0 | V9: =SUM(O9:U9) -> 0
A11: SET C | B11: 1 | C11: 2 | D11: 2 | E11: 3 | F11: 2 | G11: 2 | I11: =SUM(B11:H11) -> 12 | J11: X | L11: =I11*K11 -> 0 | M11: C | N11: SET C | O11: 1 | P11: 2 | Q11: 2 | R11: 3 | S11: 2 | T11: 2 | V11: =SUM(O11:U11) -> 12 | W11: X | Y11: =V11*X11 -> 0 | Z11: C
A12: total C | B12: =B11*$K11 -> 0 | C12: =C11*$K11 -> 0 | D12: =D11*$K11 -> 0 | E12: =E11*$K11 -> 0 | F12: =F11*$K11 -> 0 | G12: =G11*$K11 -> 0 | H12: =H11*$K11 -> 0 | I12: =SUM(B12:H12) -> 0 | N12: total C | O12: =O11*$X11 -> 0 | P12: =P11*$X11 -> 0 | Q12: =Q11*$X11 -> 0 | R12: =R11*$X11 -> 0 | S12: =S11*$X11 -> 0 | T12: =T11*$X11 -> 0 | U12: =U11*$X11 -> 0 | V12: =SUM(O12:U12) -> 0
A14: SET D | B14: 2 | C14: 2 | D14: 3 | E14: 2 | F14: 2 | G14: 1 | I14: =SUM(B14:H14) -> 12 | J14: X | L14: =I14*K14 -> 0 | M14: D | N14: SET D | O14: 2 | P14: 2 | Q14: 3 | R14: 2 | S14: 2 | T14: 1 | V14: =SUM(O14:U14) -> 12 | W14: X | Y14: =V14*X14 -> 0 | Z14: D
A15: total D | B15: =B14*$K14 -> 0 | C15: =C14*$K14 -> 0 | D15: =D14*$K14 -> 0 | E15: =E14*$K14 -> 0 | F15: =F14*$K14 -> 0 | G15: =G14*$K14 -> 0 | H15: =H14*$K14 -> 0 | I15: =SUM(B15:H15) -> 0 | N15: total D | O15: =O14*$X14 -> 0 | P15: =P14*$X14 -> 0 | Q15: =Q14*$X14 -> 0 | R15: =R14*$X14 -> 0 | S15: =S14*$X14 -> 0 | T15: =T14*$X14 -> 0 | U15: =U14*$X14 -> 0 | V15: =SUM(O15:U15) -> 0
A17: SET E | B17: 1 | C17: 2 | D17: 2 | E17: 2 | F17: 2 | G17: 2 | H17: 1 | I17: =SUM(B17:H17) -> 12 | J17: X | L17: =I17*K17 -> 0 | M17: E | N17: SET E | O17: 1 | P17: 2 | Q17: 2 | R17: 2 | S17: 2 | T17: 2 | U17: 1 | V17: =SUM(O17:U17) -> 12 | W17: X | Y17: =V17*X17 -> 0 | Z17: E
A18: total E | B18: =B17*$K17 -> 0 | C18: =C17*$K17 -> 0 | D18: =D17*$K17 -> 0 | E18: =E17*$K17 -> 0 | F18: =F17*$K17 -> 0 | G18: =G17*$K17 -> 0 | H18: =H17*$K17 -> 0 | I18: =SUM(B18:H18) -> 0 | N18: total E | O18: =O17*$X17 -> 0 | P18: =P17*$X17 -> 0 | Q18: =Q17*$X17 -> 0 | R18: =R17*$X17 -> 0 | S18: =S17*$X17 -> 0 | T18: =T17*$X17 -> 0 | U18: =U17*$X17 -> 0 | V18: =SUM(O18:U18) -> 0
A20: SET F | B20: 1 | C20: 2 | D20: 3 | E20: 2 | F20: 2 | G20: 1 | H20: 1 | I20: =SUM(B20:H20) -> 12 | J20: X | L20: =I20*K20 -> 0 | M20: F | N20: SET F | O20: 1 | P20: 2 | Q20: 3 | R20: 2 | S20: 2 | T20: 1 | U20: 1 | V20: =SUM(O20:U20) -> 12 | W20: X | Y20: =V20*X20 -> 0 | Z20: F
A21: total F | B21: =B20*$K20 -> 0 | C21: =C20*$K20 -> 0 | D21: =D20*$K20 -> 0 | E21: =E20*$K20 -> 0 | F21: =F20*$K20 -> 0 | G21: =G20*$K20 -> 0 | H21: =H20*$K20 -> 0 | I21: =SUM(B21:H21) -> 0 | N21: total F | O21: =O20*$X20 -> 0 | P21: =P20*$X20 -> 0 | Q21: =Q20*$X20 -> 0 | R21: =R20*$X20 -> 0 | S21: =S20*$X20 -> 0 | T21: =T20*$X20 -> 0 | U21: =U20*$X20 -> 0 | V21: =SUM(O21:U21) -> 0
A23: SET G | C23: 2 | D23: 3 | E23: 3 | F23: 2 | G23: 2 | I23: =SUM(B23:H23) -> 12 | J23: X | L23: =I23*K23 -> 0 | M23: G | N23: SET G | P23: 2 | Q23: 3 | R23: 3 | S23: 2 | T23: 2 | V23: =SUM(O23:U23) -> 12 | W23: X | Y23: =V23*X23 -> 0 | Z23: G
A24: total G | B24: =B23*$K23 -> 0 | C24: =C23*$K23 -> 0 | D24: =D23*$K23 -> 0 | E24: =E23*$K23 -> 0 | F24: =F23*$K23 -> 0 | G24: =G23*$K23 -> 0 | H24: =H23*$K23 -> 0 | I24: =SUM(B24:H24) -> 0 | N24: total G | O24: =O23*$X23 -> 0 | P24: =P23*$X23 -> 0 | Q24: =Q23*$X23 -> 0 | R24: =R23*$X23 -> 0 | S24: =S23*$X23 -> 0 | T24: =T23*$X23 -> 0 | U24: =U23*$X23 -> 0 | V24: =SUM(O24:U24) -> 0
A26: SET H | B26: 1 | C26: 1 | D26: 2 | E26: 2 | F26: 1 | G26: 1 | I26: =SUM(B26:H26) -> 8 | J26: X | L26: =I26*K26 -> 0 | M26: H | N26: SET H | O26: 1 | P26: 1 | Q26: 2 | R26: 2 | S26: 1 | T26: 1 | V26: =SUM(O26:U26) -> 8 | W26: X | Y26: =V26*X26 -> 0 | Z26: H
A27: total H | B27: =B26*$K26 -> 0 | C27: =C26*$K26 -> 0 | D27: =D26*$K26 -> 0 | E27: =E26*$K26 -> 0 | F27: =F26*$K26 -> 0 | G27: =G26*$K26 -> 0 | H27: =H26*$K26 -> 0 | I27: =SUM(B27:H27) -> 0 | N27: total H | O27: =O26*$X26 -> 0 | P27: =P26*$X26 -> 0 | Q27: =Q26*$X26 -> 0 | R27: =R26*$X26 -> 0 | S27: =S26*$X26 -> 0 | T27: =T26*$X26 -> 0 | U27: =U26*$X26 -> 0 | V27: =SUM(O27:U27) -> 0
A29: SET I | C29: 1 | D29: 1 | E29: 2 | F29: 2 | G29: 1 | H29: 1 | I29: =SUM(B29:H29) -> 8 | J29: X | L29: =I29*K29 -> 0 | M29: I | N29: SET I | P29: 1 | Q29: 1 | R29: 2 | S29: 2 | T29: 1 | U29: 1 | V29: =SUM(O29:U29) -> 8 | W29: X | Y29: =V29*X29 -> 0 | Z29: I
A30: total I | B30: =B29*$K29 -> 0 | C30: =C29*$K29 -> 0 | D30: =D29*$K29 -> 0 | E30: =E29*$K29 -> 0 | F30: =F29*$K29 -> 0 | G30: =G29*$K29 -> 0 | H30: =H29*$K29 -> 0 | I30: =SUM(B30:H30) -> 0 | N30: total I | O30: =O29*$X29 -> 0 | P30: =P29*$X29 -> 0 | Q30: =Q29*$X29 -> 0 | R30: =R29*$X29 -> 0 | S30: =S29*$X29 -> 0 | T30: =T29*$X29 -> 0 | U30: =U29*$X29 -> 0 | V30: =SUM(O30:U30) -> 0
A32: SET J | C32: 1 | D32: 2 | E32: 2 | F32: 2 | G32: 1 | I32: =SUM(B32:H32) -> 8 | J32: X | L32: =I32*K32 -> 0 | M32: J | N32: SET J | P32: 1 | Q32: 2 | R32: 2 | S32: 2 | T32: 1 | V32: =SUM(O32:U32) -> 8 | W32: X | Y32: =V32*X32 -> 0 | Z32: J
A33: total J | B33: =B32*$K32 -> 0 | C33: =C32*$K32 -> 0 | D33: =D32*$K32 -> 0 | E33: =E32*$K32 -> 0 | F33: =F32*$K32 -> 0 | G33: =G32*$K32 -> 0 | H33: =H32*$K32 -> 0 | I33: =SUM(B33:H33) -> 0 | N33: total J | O33: =O32*$X32 -> 0 | P33: =P32*$X32 -> 0 | Q33: =Q32*$X32 -> 0 | R33: =R32*$X32 -> 0 | S33: =S32*$X32 -> 0 | T33: =T32*$X32 -> 0 | U33: =U32*$X32 -> 0 | V33: =SUM(O33:U33) -> 0
A35: SET K | C35: 2 | D35: 2 | E35: 2 | F35: 2 | I35: =SUM(B35:H35) -> 8 | J35: X | L35: =I35*K35 -> 0 | M35: K | N35: SET K | P35: 2 | Q35: 2 | R35: 2 | S35: 2 | V35: =SUM(O35:U35) -> 8 | W35: X | Y35: =V35*X35 -> 0 | Z35: K
A36: total K | B36: =B35*$K35 -> 0 | C36: =C35*$K35 -> 0 | D36: =D35*$K35 -> 0 | E36: =E35*$K35 -> 0 | F36: =F35*$K35 -> 0 | G36: =G35*$K35 -> 0 | H36: =H35*$K35 -> 0 | I36: =SUM(B36:H36) -> 0 | N36: total K | O36: =O35*$X35 -> 0 | P36: =P35*$X35 -> 0 | Q36: =Q35*$X35 -> 0 | R36: =R35*$X35 -> 0 | S36: =S35*$X35 -> 0 | T36: =T35*$X35 -> 0 | U36: =U35*$X35 -> 0 | V36: =SUM(O36:U36) -> 0
A38: SET L | D38: 2 | E38: 2 | F38: 2 | G38: 2 | I38: =SUM(B38:H38) -> 8 | J38: X | L38: =I38*K38 -> 0 | M38: L | N38: SET L | Q38: 2 | R38: 2 | S38: 2 | T38: 2 | V38: =SUM(O38:U38) -> 8 | W38: X | Y38: =V38*X38 -> 0 | Z38: L
A39: total L | B39: =B38*$K38 -> 0 | C39: =C38*$K38 -> 0 | D39: =D38*$K38 -> 0 | E39: =E38*$K38 -> 0 | F39: =F38*$K38 -> 0 | G39: =G38*$K38 -> 0 | H39: =H38*$K38 -> 0 | I39: =SUM(B39:H39) -> 0 | N39: total L | O39: =O38*$X38 -> 0 | P39: =P38*$X38 -> 0 | Q39: =Q38*$X38 -> 0 | R39: =R38*$X38 -> 0 | S39: =S38*$X38 -> 0 | T39: =T38*$X38 -> 0 | U39: =U38*$X38 -> 0 | V39: =SUM(O39:U39) -> 0
A41: SET M | B41: 1 | C41: 1 | D41: 1 | E41: 1 | F41: 1 | G41: 1 | I41: =SUM(B41:H41) -> 6 | J41: X | L41: =I41*K41 -> 0 | M41: M | N41: SET M | O41: 1 | P41: 1 | Q41: 1 | R41: 1 | S41: 1 | T41: 1 | V41: =SUM(O41:U41) -> 6 | W41: X | Y41: =V41*X41 -> 0 | Z41: M
A42: total M | B42: =B41*$K41 -> 0 | C42: =C41*$K41 -> 0 | D42: =D41*$K41 -> 0 | E42: =E41*$K41 -> 0 | F42: =F41*$K41 -> 0 | G42: =G41*$K41 -> 0 | H42: =H41*$K41 -> 0 | I42: =SUM(B42:H42) -> 0 | N42: total M | O42: =O41*$X41 -> 0 | P42: =P41*$X41 -> 0 | Q42: =Q41*$X41 -> 0 | R42: =R41*$X41 -> 0 | S42: =S41*$X41 -> 0 | T42: =T41*$X41 -> 0 | U42: =U41*$X41 -> 0 | V42: =SUM(O42:U42) -> 0
A44: SET N | C44: 1 | D44: 1 | E44: 1 | F44: 1 | G44: 1 | H44: 1 | I44: =SUM(B44:H44) -> 6 | J44: X | L44: =I44*K44 -> 0 | M44: N | N44: SET N | P44: 1 | Q44: 1 | R44: 1 | S44: 1 | T44: 1 | U44: 1 | V44: =SUM(O44:U44) -> 6 | W44: X | Y44: =V44*X44 -> 0 | Z44: N
A45: total N | B45: =B44*$K44 -> 0 | C45: =C44*$K44 -> 0 | D45: =D44*$K44 -> 0 | E45: =E44*$K44 -> 0 | F45: =F44*$K44 -> 0 | G45: =G44*$K44 -> 0 | H45: =H44*$K44 -> 0 | I45: =SUM(B45:H45) -> 0 | N45: total N | O45: =O44*$X44 -> 0 | P45: =P44*$X44 -> 0 | Q45: =Q44*$X44 -> 0 | R45: =R44*$X44 -> 0 | S45: =S44*$X44 -> 0 | T45: =T44*$X44 -> 0 | U45: =U44*$X44 -> 0 | V45: =SUM(O45:U45) -> 0
A47: SET O | C47: 1 | D47: 1 | E47: 2 | F47: 1 | G47: 1 | I47: =SUM(B47:H47) -> 6 | J47: X | L47: =I47*K47 -> 0 | M47: O | N47: SET O | P47: 1 | Q47: 1 | R47: 2 | S47: 1 | T47: 1 | V47: =SUM(O47:U47) -> 6 | W47: X | Y47: =V47*X47 -> 0 | Z47: O
A48: total O | B48: =B47*$K47 -> 0 | C48: =C47*$K47 -> 0 | D48: =D47*$K47 -> 0 | E48: =E47*$K47 -> 0 | F48: =F47*$K47 -> 0 | G48: =G47*$K47 -> 0 | H48: =H47*$K47 -> 0 | I48: =SUM(B48:H48) -> 0 | N48: total O | O48: =O47*$X47 -> 0 | P48: =P47*$X47 -> 0 | Q48: =Q47*$X47 -> 0 | R48: =R47*$X47 -> 0 | S48: =S47*$X47 -> 0 | T48: =T47*$X47 -> 0 | U48: =U47*$X47 -> 0 | V48: =SUM(O48:U48) -> 0
A50: SET P | C50: 1 | D50: 2 | E50: 2 | F50: 1 | I50: =SUM(B50:H50) -> 6 | J50: X | L50: =I50*K50 -> 0 | M50: P | N50: SET P | P50: 1 | Q50: 2 | R50: 2 | S50: 1 | V50: =SUM(O50:U50) -> 6 | W50: X | Y50: =V50*X50 -> 0 | Z50: P
A51: total P | B51: =B50*$K50 -> 0 | C51: =C50*$K50 -> 0 | D51: =D50*$K50 -> 0 | E51: =E50*$K50 -> 0 | F51: =F50*$K50 -> 0 | G51: =G50*$K50 -> 0 | H51: =H50*$K50 -> 0 | I51: =SUM(B51:H51) -> 0 | N51: total P | O51: =O50*$X50 -> 0 | P51: =P50*$X50 -> 0 | Q51: =Q50*$X50 -> 0 | R51: =R50*$X50 -> 0 | S51: =S50*$X50 -> 0 | T51: =T50*$X50 -> 0 | U51: =U50*$X50 -> 0 | V51: =SUM(O51:U51) -> 0
A53: SET Q | D53: 1 | E53: 2 | F53: 2 | G53: 1 | I53: =SUM(B53:H53) -> 6 | J53: X | L53: =I53*K53 -> 0 | M53: Q | N53: SET Q | Q53: 1 | R53: 2 | S53: 2 | T53: 1 | V53: =SUM(O53:U53) -> 6 | W53: X | Y53: =V53*X53 -> 0 | Z53: Q
A54: total Q | B54: =B53*$K53 -> 0 | C54: =C53*$K53 -> 0 | D54: =D53*$K53 -> 0 | E54: =E53*$K53 -> 0 | F54: =F53*$K53 -> 0 | G54: =G53*$K53 -> 0 | H54: =H53*$K53 -> 0 | I54: =SUM(B54:H54) -> 0 | N54: total Q | O54: =O53*$X53 -> 0 | P54: =P53*$X53 -> 0 | Q54: =Q53*$X53 -> 0 | R54: =R53*$X53 -> 0 | S54: =S53*$X53 -> 0 | T54: =T53*$X53 -> 0 | U54: =U53*$X53 -> 0 | V54: =SUM(O54:U54) -> 0
A56: SET R | C56: 1 | D56: 1 | E56: 1 | F56: 1 | I56: =SUM(B56:H56) -> 4 | J56: X | L56: =I56*K56 -> 0 | M56: R | N56: SET R | P56: 1 | Q56: 1 | R56: 1 | S56: 1 | V56: =SUM(O56:U56) -> 4 | W56: X | Y56: =V56*X56 -> 0 | Z56: R
A57: total R | B57: =B56*$K56 -> 0 | C57: =C56*$K56 -> 0 | D57: =D56*$K56 -> 0 | E57: =E56*$K56 -> 0 | F57: =F56*$K56 -> 0 | G57: =G56*$K56 -> 0 | H57: =H56*$K56 -> 0 | I57: =SUM(B57:H57) -> 0 | N57: total R | O57: =O56*$X56 -> 0 | P57: =P56*$X56 -> 0 | Q57: =Q56*$X56 -> 0 | R57: =R56*$X56 -> 0 | S57: =S56*$X56 -> 0 | T57: =T56*$X56 -> 0 | U57: =U56*$X56 -> 0 | V57: =SUM(O57:U57) -> 0
A59: SET S | D59: 1 | E59: 1 | F59: 1 | G59: 1 | I59: =SUM(B59:H59) -> 4 | J59: X | L59: =I59*K59 -> 0 | M59: S | N59: SET S | Q59: 1 | R59: 1 | S59: 1 | T59: 1 | V59: =SUM(O59:U59) -> 4 | W59: X | Y59: =V59*X59 -> 0 | Z59: S
A60: total S | B60: =B59*$K59 -> 0 | C60: =C59*$K59 -> 0 | D60: =D59*$K59 -> 0 | E60: =E59*$K59 -> 0 | F60: =F59*$K59 -> 0 | G60: =G59*$K59 -> 0 | H60: =H59*$K59 -> 0 | I60: =SUM(B60:H60) -> 0 | N60: total S | O60: =O59*$X59 -> 0 | P60: =P59*$X59 -> 0 | Q60: =Q59*$X59 -> 0 | R60: =R59*$X59 -> 0 | S60: =S59*$X59 -> 0 | T60: =T59*$X59 -> 0 | U60: =U59*$X59 -> 0 | V60: =SUM(O60:U60) -> 0
A62: total PO qty | B62: =SUM(B6,B9,B12,B15,B18,B21,B24,B27,B30,B33,B36,B39,B42,B45,B48,B51,B54,B57,B60) -> 0 | C62: =SUM(C6,C9,C12,C15,C18,C21,C24,C27,C30,C33,C36,C39,C42,C45,C48,C51,C54,C57,C60) -> 0 | D62: =SUM(D6,D9,D12,D15,D18,D21,D24,D27,D30,D33,D36,D39,D42,D45,D48,D51,D54,D57,D60) -> 0 | E62: =SUM(E6,E9,E12,E15,E18,E21,E24,E27,E30,E33,E36,E39,E42,E45,E48,E51,E54,E57,E60) -> 0 | F62: =SUM(F6,F9,F12,F15,F18,F21,F24,F27,F30,F33,F36,F39,F42,F45,F48,F51,F54,F57,F60) -> 0 | G62: =SUM(G6,G9,G12,G15,G18,G21,G24,G27,G30,G33,G36,G39,G42,G45,G48,G51,G54,G57,G60) -> 0 | H62: =SUM(H6,H9,H12,H15,H18,H21,H24,H27,H30,H33,H36,H39,H42,H45,H48,H51,H54,H57,H60) -> 0 | I62: =SUM(I6,I9,I12,I15,I18,I21,I24,I27,I30,I33,I36,I39,I42,I45) -> 0 | K62: =SUM(K5:K61) -> 0 | L62: =SUM(L5:L61) -> 0 | N62: total PO qty | O62: =SUM(O6,O9,O12,O15,O18,O21,O24,O27,O30,O33,O36,O39,O42,O45,O48,O51,O54,O57,O60) -> 0 | P62: =SUM(P6,P9,P12,P15,P18,P21,P24,P27,P30,P33,P36,P39,P42,P45,P48,P51,P54,P57,P60) -> 0 | Q62: =SUM(Q6,Q9,Q12,Q15,Q18,Q21,Q24,Q27,Q30,Q33,Q36,Q39,Q42,Q45,Q48,Q51,Q54,Q57,Q60) -> 0 | R62: =SUM(R6,R9,R12,R15,R18,R21,R24,R27,R30,R33,R36,R39,R42,R45,R48,R51,R54,R57,R60) -> 0 | S62: =SUM(S6,S9,S12,S15,S18,S21,S24,S27,S30,S33,S36,S39,S42,S45,S48,S51,S54,S57,S60) -> 0 | T62: =SUM(T6,T9,T12,T15,T18,T21,T24,T27,T30,T33,T36,T39,T42,T45,T48,T51,T54,T57,T60) -> 0 | U62: =SUM(U6,U9,U12,U15,U18,U21,U24,U27,U30,U33,U36,U39,U42,U45,U48,U51,U54,U57,U60) -> 0 | V62: =SUM(V6,V9,V12,V15,V18,V21,V24,V27,V30,V33,V36,V39,V42,V45) -> 0 | X62: =SUM(X5:X61) -> 0 | Y62: =SUM(Y5:Y61) -> 0
B63: =B62/I62 -> #DIV/0! | C63: =C62/I62 -> #DIV/0! | D63: =D62/I62 -> #DIV/0! | E63: =E62/I62 -> #DIV/0! | F63: =F62/I62 -> #DIV/0! | G63: =G62/I62 -> #DIV/0! | H63: =H62/I62 -> #DIV/0! | O63: =O62/V62 -> #DIV/0! | P63: =P62/V62 -> #DIV/0! | Q63: =Q62/V62 -> #DIV/0! | R63: =R62/V62 -> #DIV/0! | S63: =S62/V62 -> #DIV/0! | T63: =T62/V62 -> #DIV/0! | U63: =U62/V62 -> #DIV/0!
A67: =A3 -> VEYLIN | N67: =A3 -> VEYLIN
A68: ='CONFIRMED PO'!D13 -> 0 | B68: =B4 -> 35 | C68: =B68+1 -> 36 | D68: =C68+1 -> 37 | E68: =D68+1 -> 38 | F68: =E68+1 -> 39 | G68: =F68+1 -> 40 | H68: =G68+1 -> 41 | K68: colly | L68: pairs | N68: ='CONFIRMED PO'!D14 -> 0 | O68: =O4 -> 35 | P68: =O68+1 -> 36 | Q68: =P68+1 -> 37 | R68: =Q68+1 -> 38 | S68: =R68+1 -> 39 | T68: =S68+1 -> 40 | U68: =T68+1 -> 41 | X68: colly | Y68: pairs
A69: SET A | B69: 1 | C69: 2 | D69: 3 | E69: 3 | F69: 2 | G69: 1 | I69: =SUM(B69:H69) -> 12 | J69: X | L69: =I69*K69 -> 0 | M69: A | N69: SET A | O69: 1 | P69: 2 | Q69: 3 | R69: 3 | S69: 2 | T69: 1 | V69: =SUM(O69:U69) -> 12 | W69: X | Y69: =V69*X69 -> 0 | Z69: A
A70: total A | B70: =B69*$K69 -> 0 | C70: =C69*$K69 -> 0 | D70: =D69*$K69 -> 0 | E70: =E69*$K69 -> 0 | F70: =F69*$K69 -> 0 | G70: =G69*$K69 -> 0 | H70: =H69*$K69 -> 0 | I70: =SUM(B70:H70) -> 0 | N70: total A | O70: =O69*$X69 -> 0 | P70: =P69*$X69 -> 0 | Q70: =Q69*$X69 -> 0 | R70: =R69*$X69 -> 0 | S70: =S69*$X69 -> 0 | T70: =T69*$X69 -> 0 | U70: =U69*$X69 -> 0 | V70: =SUM(O70:U70) -> 0
A72: SET B | C72: 1 | D72: 2 | E72: 3 | F72: 3 | G72: 2 | H72: 1 | I72: =SUM(B72:H72) -> 12 | J72: X | L72: =I72*K72 -> 0 | M72: B | N72: SET B | P72: 1 | Q72: 2 | R72: 3 | S72: 3 | T72: 2 | U72: 1 | V72: =SUM(O72:U72) -> 12 | W72: X | Y72: =V72*X72 -> 0 | Z72: B
A73: total B | B73: =B72*$K72 -> 0 | C73: =C72*$K72 -> 0 | D73: =D72*$K72 -> 0 | E73: =E72*$K72 -> 0 | F73: =F72*$K72 -> 0 | G73: =G72*$K72 -> 0 | H73: =H72*$K72 -> 0 | I73: =SUM(B73:H73) -> 0 | N73: total B | O73: =O72*$X72 -> 0 | P73: =P72*$X72 -> 0 | Q73: =Q72*$X72 -> 0 | R73: =R72*$X72 -> 0 | S73: =S72*$X72 -> 0 | T73: =T72*$X72 -> 0 | U73: =U72*$X72 -> 0 | V73: =SUM(O73:U73) -> 0
A75: SET C | B75: 1 | C75: 2 | D75: 2 | E75: 3 | F75: 2 | G75: 2 | I75: =SUM(B75:H75) -> 12 | J75: X | L75: =I75*K75 -> 0 | M75: C | N75: SET C | O75: 1 | P75: 2 | Q75: 2 | R75: 3 | S75: 2 | T75: 2 | V75: =SUM(O75:U75) -> 12 | W75: X | Y75: =V75*X75 -> 0 | Z75: C
A76: total C | B76: =B75*$K75 -> 0 | C76: =C75*$K75 -> 0 | D76: =D75*$K75 -> 0 | E76: =E75*$K75 -> 0 | F76: =F75*$K75 -> 0 | G76: =G75*$K75 -> 0 | H76: =H75*$K75 -> 0 | I76: =SUM(B76:H76) -> 0 | N76: total C | O76: =O75*$X75 -> 0 | P76: =P75*$X75 -> 0 | Q76: =Q75*$X75 -> 0 | R76: =R75*$X75 -> 0 | S76: =S75*$X75 -> 0 | T76: =T75*$X75 -> 0 | U76: =U75*$X75 -> 0 | V76: =SUM(O76:U76) -> 0
A78: SET D | B78: 2 | C78: 2 | D78: 3 | E78: 2 | F78: 2 | G78: 1 | I78: =SUM(B78:H78) -> 12 | J78: X | L78: =I78*K78 -> 0 | M78: D | N78: SET D | O78: 2 | P78: 2 | Q78: 3 | R78: 2 | S78: 2 | T78: 1 | V78: =SUM(O78:U78) -> 12 | W78: X | Y78: =V78*X78 -> 0 | Z78: D
A79: total D | B79: =B78*$K78 -> 0 | C79: =C78*$K78 -> 0 | D79: =D78*$K78 -> 0 | E79: =E78*$K78 -> 0 | F79: =F78*$K78 -> 0 | G79: =G78*$K78 -> 0 | H79: =H78*$K78 -> 0 | I79: =SUM(B79:H79) -> 0 | N79: total D | O79: =O78*$X78 -> 0 | P79: =P78*$X78 -> 0 | Q79: =Q78*$X78 -> 0 | R79: =R78*$X78 -> 0 | S79: =S78*$X78 -> 0 | T79: =T78*$X78 -> 0 | U79: =U78*$X78 -> 0 | V79: =SUM(O79:U79) -> 0
A81: SET E | B81: 1 | C81: 2 | D81: 2 | E81: 2 | F81: 2 | G81: 2 | H81: 1 | I81: =SUM(B81:H81) -> 12 | J81: X | L81: =I81*K81 -> 0 | M81: E | N81: SET E | O81: 1 | P81: 2 | Q81: 2 | R81: 2 | S81: 2 | T81: 2 | U81: 1 | V81: =SUM(O81:U81) -> 12 | W81: X | Y81: =V81*X81 -> 0 | Z81: E
A82: total E | B82: =B81*$K81 -> 0 | C82: =C81*$K81 -> 0 | D82: =D81*$K81 -> 0 | E82: =E81*$K81 -> 0 | F82: =F81*$K81 -> 0 | G82: =G81*$K81 -> 0 | H82: =H81*$K81 -> 0 | I82: =SUM(B82:H82) -> 0 | N82: total E | O82: =O81*$X81 -> 0 | P82: =P81*$X81 -> 0 | Q82: =Q81*$X81 -> 0 | R82: =R81*$X81 -> 0 | S82: =S81*$X81 -> 0 | T82: =T81*$X81 -> 0 | U82: =U81*$X81 -> 0 | V82: =SUM(O82:U82) -> 0
A84: SET F | B84: 1 | C84: 2 | D84: 3 | E84: 2 | F84: 2 | G84: 1 | H84: 1 | I84: =SUM(B84:H84) -> 12 | J84: X | L84: =I84*K84 -> 0 | M84: F | N84: SET F | O84: 1 | P84: 2 | Q84: 3 | R84: 2 | S84: 2 | T84: 1 | U84: 1 | V84: =SUM(O84:U84) -> 12 | W84: X | Y84: =V84*X84 -> 0 | Z84: F
A85: total F | B85: =B84*$K84 -> 0 | C85: =C84*$K84 -> 0 | D85: =D84*$K84 -> 0 | E85: =E84*$K84 -> 0 | F85: =F84*$K84 -> 0 | G85: =G84*$K84 -> 0 | H85: =H84*$K84 -> 0 | I85: =SUM(B85:H85) -> 0 | N85: total F | O85: =O84*$X84 -> 0 | P85: =P84*$X84 -> 0 | Q85: =Q84*$X84 -> 0 | R85: =R84*$X84 -> 0 | S85: =S84*$X84 -> 0 | T85: =T84*$X84 -> 0 | U85: =U84*$X84 -> 0 | V85: =SUM(O85:U85) -> 0
A87: SET G | C87: 2 | D87: 3 | E87: 3 | F87: 2 | G87: 2 | I87: =SUM(B87:H87) -> 12 | J87: X | L87: =I87*K87 -> 0 | M87: G | N87: SET G | P87: 2 | Q87: 3 | R87: 3 | S87: 2 | T87: 2 | V87: =SUM(O87:U87) -> 12 | W87: X | Y87: =V87*X87 -> 0 | Z87: G
A88: total G | B88: =B87*$K87 -> 0 | C88: =C87*$K87 -> 0 | D88: =D87*$K87 -> 0 | E88: =E87*$K87 -> 0 | F88: =F87*$K87 -> 0 | G88: =G87*$K87 -> 0 | H88: =H87*$K87 -> 0 | I88: =SUM(B88:H88) -> 0 | N88: total G | O88: =O87*$X87 -> 0 | P88: =P87*$X87 -> 0 | Q88: =Q87*$X87 -> 0 | R88: =R87*$X87 -> 0 | S88: =S87*$X87 -> 0 | T88: =T87*$X87 -> 0 | U88: =U87*$X87 -> 0 | V88: =SUM(O88:U88) -> 0
A90: SET H | B90: 1 | C90: 1 | D90: 2 | E90: 2 | F90: 1 | G90: 1 | I90: =SUM(B90:H90) -> 8 | J90: X | L90: =I90*K90 -> 0 | M90: H | N90: SET H | O90: 1 | P90: 1 | Q90: 2 | R90: 2 | S90: 1 | T90: 1 | V90: =SUM(O90:U90) -> 8 | W90: X | Y90: =V90*X90 -> 0 | Z90: H
A91: total H | B91: =B90*$K90 -> 0 | C91: =C90*$K90 -> 0 | D91: =D90*$K90 -> 0 | E91: =E90*$K90 -> 0 | F91: =F90*$K90 -> 0 | G91: =G90*$K90 -> 0 | H91: =H90*$K90 -> 0 | I91: =SUM(B91:H91) -> 0 | N91: total H | O91: =O90*$X90 -> 0 | P91: =P90*$X90 -> 0 | Q91: =Q90*$X90 -> 0 | R91: =R90*$X90 -> 0 | S91: =S90*$X90 -> 0 | T91: =T90*$X90 -> 0 | U91: =U90*$X90 -> 0 | V91: =SUM(O91:U91) -> 0
A93: SET I | C93: 1 | D93: 1 | E93: 2 | F93: 2 | G93: 1 | H93: 1 | I93: =SUM(B93:H93) -> 8 | J93: X | L93: =I93*K93 -> 0 | M93: I | N93: SET I | P93: 1 | Q93: 1 | R93: 2 | S93: 2 | T93: 1 | U93: 1 | V93: =SUM(O93:U93) -> 8 | W93: X | Y93: =V93*X93 -> 0 | Z93: I
A94: total I | B94: =B93*$K93 -> 0 | C94: =C93*$K93 -> 0 | D94: =D93*$K93 -> 0 | E94: =E93*$K93 -> 0 | F94: =F93*$K93 -> 0 | G94: =G93*$K93 -> 0 | H94: =H93*$K93 -> 0 | I94: =SUM(B94:H94) -> 0 | N94: total I | O94: =O93*$X93 -> 0 | P94: =P93*$X93 -> 0 | Q94: =Q93*$X93 -> 0 | R94: =R93*$X93 -> 0 | S94: =S93*$X93 -> 0 | T94: =T93*$X93 -> 0 | U94: =U93*$X93 -> 0 | V94: =SUM(O94:U94) -> 0
A96: SET J | C96: 1 | D96: 2 | E96: 2 | F96: 2 | G96: 1 | I96: =SUM(B96:H96) -> 8 | J96: X | L96: =I96*K96 -> 0 | M96: J | N96: SET J | P96: 1 | Q96: 2 | R96: 2 | S96: 2 | T96: 1 | V96: =SUM(O96:U96) -> 8 | W96: X | Y96: =V96*X96 -> 0 | Z96: J
A97: total J | B97: =B96*$K96 -> 0 | C97: =C96*$K96 -> 0 | D97: =D96*$K96 -> 0 | E97: =E96*$K96 -> 0 | F97: =F96*$K96 -> 0 | G97: =G96*$K96 -> 0 | H97: =H96*$K96 -> 0 | I97: =SUM(B97:H97) -> 0 | N97: total J | O97: =O96*$X96 -> 0 | P97: =P96*$X96 -> 0 | Q97: =Q96*$X96 -> 0 | R97: =R96*$X96 -> 0 | S97: =S96*$X96 -> 0 | T97: =T96*$X96 -> 0 | U97: =U96*$X96 -> 0 | V97: =SUM(O97:U97) -> 0
A99: SET K | C99: 2 | D99: 2 | E99: 2 | F99: 2 | I99: =SUM(B99:H99) -> 8 | J99: X | L99: =I99*K99 -> 0 | M99: K | N99: SET K | P99: 2 | Q99: 2 | R99: 2 | S99: 2 | V99: =SUM(O99:U99) -> 8 | W99: X | Y99: =V99*X99 -> 0 | Z99: K
A100: total K | B100: =B99*$K99 -> 0 | C100: =C99*$K99 -> 0 | D100: =D99*$K99 -> 0 | E100: =E99*$K99 -> 0 | F100: =F99*$K99 -> 0 | G100: =G99*$K99 -> 0 | H100: =H99*$K99 -> 0 | I100: =SUM(B100:H100) -> 0 | N100: total K | O100: =O99*$X99 -> 0 | P100: =P99*$X99 -> 0 | Q100: =Q99*$X99 -> 0 | R100: =R99*$X99 -> 0 | S100: =S99*$X99 -> 0 | T100: =T99*$X99 -> 0 | U100: =U99*$X99 -> 0 | V100: =SUM(O100:U100) -> 0
A102: SET L | D102: 2 | E102: 2 | F102: 2 | G102: 2 | I102: =SUM(B102:H102) -> 8 | J102: X | L102: =I102*K102 -> 0 | M102: L | N102: SET L | Q102: 2 | R102: 2 | S102: 2 | T102: 2 | V102: =SUM(O102:U102) -> 8 | W102: X | Y102: =V102*X102 -> 0 | Z102: L
A103: total L | B103: =B102*$K102 -> 0 | C103: =C102*$K102 -> 0 | D103: =D102*$K102 -> 0 | E103: =E102*$K102 -> 0 | F103: =F102*$K102 -> 0 | G103: =G102*$K102 -> 0 | H103: =H102*$K102 -> 0 | I103: =SUM(B103:H103) -> 0 | N103: total L | O103: =O102*$X102 -> 0 | P103: =P102*$X102 -> 0 | Q103: =Q102*$X102 -> 0 | R103: =R102*$X102 -> 0 | S103: =S102*$X102 -> 0 | T103: =T102*$X102 -> 0 | U103: =U102*$X102 -> 0 | V103: =SUM(O103:U103) -> 0
A105: SET M | B105: 1 | C105: 1 | D105: 1 | E105: 1 | F105: 1 | G105: 1 | I105: =SUM(B105:H105) -> 6 | J105: X | L105: =I105*K105 -> 0 | M105: M | N105: SET M | O105: 1 | P105: 1 | Q105: 1 | R105: 1 | S105: 1 | T105: 1 | V105: =SUM(O105:U105) -> 6 | W105: X | Y105: =V105*X105 -> 0 | Z105: M
A106: total M | B106: =B105*$K105 -> 0 | C106: =C105*$K105 -> 0 | D106: =D105*$K105 -> 0 | E106: =E105*$K105 -> 0 | F106: =F105*$K105 -> 0 | G106: =G105*$K105 -> 0 | H106: =H105*$K105 -> 0 | I106: =SUM(B106:H106) -> 0 | N106: total M | O106: =O105*$X105 -> 0 | P106: =P105*$X105 -> 0 | Q106: =Q105*$X105 -> 0 | R106: =R105*$X105 -> 0 | S106: =S105*$X105 -> 0 | T106: =T105*$X105 -> 0 | U106: =U105*$X105 -> 0 | V106: =SUM(O106:U106) -> 0
A108: SET N | C108: 1 | D108: 1 | E108: 1 | F108: 1 | G108: 1 | H108: 1 | I108: =SUM(B108:H108) -> 6 | J108: X | L108: =I108*K108 -> 0 | M108: N | N108: SET N | P108: 1 | Q108: 1 | R108: 1 | S108: 1 | T108: 1 | U108: 1 | V108: =SUM(O108:U108) -> 6 | W108: X | Y108: =V108*X108 -> 0 | Z108: N
A109: total N | B109: =B108*$K108 -> 0 | C109: =C108*$K108 -> 0 | D109: =D108*$K108 -> 0 | E109: =E108*$K108 -> 0 | F109: =F108*$K108 -> 0 | G109: =G108*$K108 -> 0 | H109: =H108*$K108 -> 0 | I109: =SUM(B109:H109) -> 0 | N109: total N | O109: =O108*$X108 -> 0 | P109: =P108*$X108 -> 0 | Q109: =Q108*$X108 -> 0 | R109: =R108*$X108 -> 0 | S109: =S108*$X108 -> 0 | T109: =T108*$X108 -> 0 | U109: =U108*$X108 -> 0 | V109: =SUM(O109:U109) -> 0
A111: SET O | C111: 1 | D111: 1 | E111: 2 | F111: 1 | G111: 1 | I111: =SUM(B111:H111) -> 6 | J111: X | L111: =I111*K111 -> 0 | M111: O | N111: SET O | P111: 1 | Q111: 1 | R111: 2 | S111: 1 | T111: 1 | V111: =SUM(O111:U111) -> 6 | W111: X | Y111: =V111*X111 -> 0 | Z111: O
A112: total O | B112: =B111*$K111 -> 0 | C112: =C111*$K111 -> 0 | D112: =D111*$K111 -> 0 | E112: =E111*$K111 -> 0 | F112: =F111*$K111 -> 0 | G112: =G111*$K111 -> 0 | H112: =H111*$K111 -> 0 | I112: =SUM(B112:H112) -> 0 | N112: total O | O112: =O111*$X111 -> 0 | P112: =P111*$X111 -> 0 | Q112: =Q111*$X111 -> 0 | R112: =R111*$X111 -> 0 | S112: =S111*$X111 -> 0 | T112: =T111*$X111 -> 0 | U112: =U111*$X111 -> 0 | V112: =SUM(O112:U112) -> 0
A114: SET P | C114: 1 | D114: 2 | E114: 2 | F114: 1 | I114: =SUM(B114:H114) -> 6 | J114: X | L114: =I114*K114 -> 0 | M114: P | N114: SET P | P114: 1 | Q114: 2 | R114: 2 | S114: 1 | V114: =SUM(O114:U114) -> 6 | W114: X | Y114: =V114*X114 -> 0 | Z114: P
A115: total P | B115: =B114*$K114 -> 0 | C115: =C114*$K114 -> 0 | D115: =D114*$K114 -> 0 | E115: =E114*$K114 -> 0 | F115: =F114*$K114 -> 0 | G115: =G114*$K114 -> 0 | H115: =H114*$K114 -> 0 | I115: =SUM(B115:H115) -> 0 | N115: total P | O115: =O114*$X114 -> 0 | P115: =P114*$X114 -> 0 | Q115: =Q114*$X114 -> 0 | R115: =R114*$X114 -> 0 | S115: =S114*$X114 -> 0 | T115: =T114*$X114 -> 0 | U115: =U114*$X114 -> 0 | V115: =SUM(O115:U115) -> 0
A117: SET Q | D117: 1 | E117: 2 | F117: 2 | G117: 1 | I117: =SUM(B117:H117) -> 6 | J117: X | L117: =I117*K117 -> 0 | M117: Q | N117: SET Q | Q117: 1 | R117: 2 | S117: 2 | T117: 1 | V117: =SUM(O117:U117) -> 6 | W117: X | Y117: =V117*X117 -> 0 | Z117: Q
A118: total Q | B118: =B117*$K117 -> 0 | C118: =C117*$K117 -> 0 | D118: =D117*$K117 -> 0 | E118: =E117*$K117 -> 0 | F118: =F117*$K117 -> 0 | G118: =G117*$K117 -> 0 | H118: =H117*$K117 -> 0 | I118: =SUM(B118:H118) -> 0 | N118: total Q | O118: =O117*$X117 -> 0 | P118: =P117*$X117 -> 0 | Q118: =Q117*$X117 -> 0 | R118: =R117*$X117 -> 0 | S118: =S117*$X117 -> 0 | T118: =T117*$X117 -> 0 | U118: =U117*$X117 -> 0 | V118: =SUM(O118:U118) -> 0
A120: SET R | C120: 1 | D120: 1 | E120: 1 | F120: 1 | I120: =SUM(B120:H120) -> 4 | J120: X | L120: =I120*K120 -> 0 | M120: R | N120: SET R | P120: 1 | Q120: 1 | R120: 1 | S120: 1 | V120: =SUM(O120:U120) -> 4 | W120: X | Y120: =V120*X120 -> 0 | Z120: R
A121: total R | B121: =B120*$K120 -> 0 | C121: =C120*$K120 -> 0 | D121: =D120*$K120 -> 0 | E121: =E120*$K120 -> 0 | F121: =F120*$K120 -> 0 | G121: =G120*$K120 -> 0 | H121: =H120*$K120 -> 0 | I121: =SUM(B121:H121) -> 0 | N121: total R | O121: =O120*$X120 -> 0 | P121: =P120*$X120 -> 0 | Q121: =Q120*$X120 -> 0 | R121: =R120*$X120 -> 0 | S121: =S120*$X120 -> 0 | T121: =T120*$X120 -> 0 | U121: =U120*$X120 -> 0 | V121: =SUM(O121:U121) -> 0
A123: SET S | D123: 1 | E123: 1 | F123: 1 | G123: 1 | I123: =SUM(B123:H123) -> 4 | J123: X | L123: =I123*K123 -> 0 | M123: S | N123: SET S | Q123: 1 | R123: 1 | S123: 1 | T123: 1 | V123: =SUM(O123:U123) -> 4 | W123: X | Y123: =V123*X123 -> 0 | Z123: S
A124: total S | B124: =B123*$K123 -> 0 | C124: =C123*$K123 -> 0 | D124: =D123*$K123 -> 0 | E124: =E123*$K123 -> 0 | F124: =F123*$K123 -> 0 | G124: =G123*$K123 -> 0 | H124: =H123*$K123 -> 0 | I124: =SUM(B124:H124) -> 0 | N124: total S | O124: =O123*$X123 -> 0 | P124: =P123*$X123 -> 0 | Q124: =Q123*$X123 -> 0 | R124: =R123*$X123 -> 0 | S124: =S123*$X123 -> 0 | T124: =T123*$X123 -> 0 | U124: =U123*$X123 -> 0 | V124: =SUM(O124:U124) -> 0
A126: total PO qty | B126: =SUM(B70,B73,B76,B79,B82,B85,B88,B91,B94,B97,B100,B103,B106,B109,B112,B115,B118,B121,B124) -> 0 | C126: =SUM(C70,C73,C76,C79,C82,C85,C88,C91,C94,C97,C100,C103,C106,C109,C112,C115,C118,C121,C124) -> 0 | D126: =SUM(D70,D73,D76,D79,D82,D85,D88,D91,D94,D97,D100,D103,D106,D109,D112,D115,D118,D121,D124) -> 0 | E126: =SUM(E70,E73,E76,E79,E82,E85,E88,E91,E94,E97,E100,E103,E106,E109,E112,E115,E118,E121,E124) -> 0 | F126: =SUM(F70,F73,F76,F79,F82,F85,F88,F91,F94,F97,F100,F103,F106,F109,F112,F115,F118,F121,F124) -> 0 | G126: =SUM(G70,G73,G76,G79,G82,G85,G88,G91,G94,G97,G100,G103,G106,G109,G112,G115,G118,G121,G124) -> 0 | H126: =SUM(H70,H73,H76,H79,H82,H85,H88,H91,H94,H97,H100,H103,H106,H109,H112,H115,H118,H121,H124) -> 0 | I126: =SUM(I70,I73,I76,I79,I82,I85,I88,I91,I94,I97,I100,I103,I106,I109) -> 0 | K126: =SUM(K69:K125) -> 0 | L126: =SUM(L69:L125) -> 0 | N126: total PO qty | O126: =SUM(O70,O73,O76,O79,O82,O85,O88,O91,O94,O97,O100,O103,O106,O109,O112,O115,O118,O121,O124) -> 0 | P126: =SUM(P70,P73,P76,P79,P82,P85,P88,P91,P94,P97,P100,P103,P106,P109,P112,P115,P118,P121,P124) -> 0 | Q126: =SUM(Q70,Q73,Q76,Q79,Q82,Q85,Q88,Q91,Q94,Q97,Q100,Q103,Q106,Q109,Q112,Q115,Q118,Q121,Q124) -> 0 | R126: =SUM(R70,R73,R76,R79,R82,R85,R88,R91,R94,R97,R100,R103,R106,R109,R112,R115,R118,R121,R124) -> 0 | S126: =SUM(S70,S73,S76,S79,S82,S85,S88,S91,S94,S97,S100,S103,S106,S109,S112,S115,S118,S121,S124) -> 0 | T126: =SUM(T70,T73,T76,T79,T82,T85,T88,T91,T94,T97,T100,T103,T106,T109,T112,T115,T118,T121,T124) -> 0 | U126: =SUM(U70,U73,U76,U79,U82,U85,U88,U91,U94,U97,U100,U103,U106,U109,U112,U115,U118,U121,U124) -> 0 | V126: =SUM(V70,V73,V76,V79,V82,V85,V88,V91,V94,V97,V100,V103,V106,V109) -> 0 | X126: =SUM(X69:X125) -> 0 | Y126: =SUM(Y69:Y125) -> 0
B127: =B126/I126 -> #DIV/0! | C127: =C126/I126 -> #DIV/0! | D127: =D126/I126 -> #DIV/0! | E127: =E126/I126 -> #DIV/0! | F127: =F126/I126 -> #DIV/0! | G127: =G126/I126 -> #DIV/0! | H127: =H126/I126 -> #DIV/0! | O127: =O126/V126 -> #DIV/0! | P127: =P126/V126 -> #DIV/0! | Q127: =Q126/V126 -> #DIV/0! | R127: =R126/V126 -> #DIV/0! | S127: =S126/V126 -> #DIV/0! | T127: =T126/V126 -> #DIV/0! | U127: =U126/V126 -> #DIV/0!
